<?xml version="1.0" encoding="UTF-8"?>
<config xmlns="http://www.knime.org/2008/09/XMLConfig" xmlns:xsi="http://www.w3.org/2001/XMLSchema-instance" xsi:schemaLocation="http://www.knime.org/2008/09/XMLConfig http://www.knime.org/XMLConfig_2008_09.xsd" key="content">
<entry key="version" type="xint" value="1"/>
<entry key="port_spec_class" type="xstring" value="org.knime.base.node.mine.treeensemble2.model.TreeEnsembleModelPortObjectSpec"/>
<entry key="port_object_class" type="xstring" value="org.knime.base.node.mine.treeensemble2.model.TreeEnsembleModelPortObject"/>
<config key="filestores">
<entry key="handlerUUID" type="xstring" value="5974c0d7-f7f5-45eb-87ac-8d456551c5b0"/>
<config key="port_file_store_keys">
<config key="filestore_key_0">
<entry key="storeUUID" type="xstring" value="5974c0d7-f7f5-45eb-87ac-8d456551c5b0"/>
<entry key="index" type="xint" value="0"/>
<entry key="name" type="xstring" value="0_6399732b-d359-4008-ae8b-d1899c195616"/>
<entry key="iterationIndex" type="xint" value="-1"/>
</config>
</config>
</config>
</config>
